[
  {
    "name": "Lion",
    "description": "The king of the savannah.",
    "image": "https://placehold.co/600x400?text=Lion"
  },
  {
    "name": "Giraffe",
    "description": "Tallest land animal.",
    "image": "https://placehold.co/600x400?text=Giraffe"
  },
  {
    "name": "Penguin",
    "description": "Loves the cold.",
    "image": "https://placehold.co/600x400?text=Penguin"
  },
  {
    "name": "Elephant",
    "description": "Gentle giant.",
    "image": "https://placehold.co/600x400?text=Elephant"
  },
  {
    "name": "Red Panda",
    "description": "Cuddly and curious.",
    "image": "https://placehold.co/600x400?text=Red+Panda"
  },
  {
    "name": "Zebra",
    "description": "Stripy herbivore.",
    "image": "https://placehold.co/600x400?text=Zebra"
  },
  {
    "name": "Tiger",
    "description": "Powerful predator.",
    "image": "https://placehold.co/600x400?text=Tiger"
  },
  {
    "name": "Meerkat",
    "description": "Always on lookout.",
    "image": "https://placehold.co/600x400?text=Meerkat"
  }
]