[
  {
    "name": "Lion",
    "description": "The king of the savannah.",
    "image": "https://images.unsplash.com/photo-1614027164847-1b28cfe1df60?ixlib=rb-4.1.0&ixid=M3wxMjA3fDB8MHxzZWFyY2h8Mnx8bGlvbnxlbnwwfHwwfHx8MA%3D%3D&auto=format&fit=crop&q=60&w=600"
  },
  {
    "name": "Giraffe",
    "description": "Tallest land animal.",
    "image": "https://images.unsplash.com/photo-1485735662814-c4f66e49dbae?ixlib=rb-4.1.0&ixid=M3wxMjA3fDB8MHxzZWFyY2h8NHx8Z2lycmFmZXxlbnwwfHwwfHx8MA%3D%3D&auto=format&fit=crop&q=60&w=600"
  },
  {
    "name": "Penguin",
    "description": "Loves the cold.",
    "image": "https://images.unsplash.com/photo-1598439210625-5067c578f3f6?ixlib=rb-4.1.0&ixid=M3wxMjA3fDB8MHxzZWFyY2h8Mnx8cGVuZ3VpbnxlbnwwfHwwfHx8MA%3D%3D&auto=format&fit=crop&q=60&w=600"
  },
  {
    "name": "Elephant",
    "description": "Gentle giant.",
    "image": "https://images.unsplash.com/photo-1581852017103-68ac65514cf7?ixlib=rb-4.1.0&ixid=M3wxMjA3fDB8MHxzZWFyY2h8M3x8ZWxlcGhhbnR8ZW58MHx8MHx8fDA%3D&auto=format&fit=crop&q=60&w=600"
  },
  {
    "name": "Red Panda",
    "description": "Cuddly and curious.",
    "image": "https://plus.unsplash.com/premium_photo-1695717076798-404f76f121da?ixlib=rb-4.1.0&ixid=M3wxMjA3fDB8MHxzZWFyY2h8MXx8cmVkJTIwcGFuZGF8ZW58MHx8MHx8fDA%3D&auto=format&fit=crop&q=60&w=600"
  },
  {
    "name": "Zebra",
    "description": "Stripy herbivore.",
    "image": "https://images.unsplash.com/photo-1501706362039-c06b2d715385?ixlib=rb-4.1.0&ixid=M3wxMjA3fDB8MHxzZWFyY2h8NHx8emVicmF8ZW58MHx8MHx8fDA%3D&auto=format&fit=crop&q=60&w=600"
  },
  {
    "name": "Tiger",
    "description": "Powerful predator.",
    "image": "https://plus.unsplash.com/premium_photo-1661847643150-4e06569d2ec1?ixlib=rb-4.1.0&ixid=M3wxMjA3fDB8MHxzZWFyY2h8MXx8dGlnZXJ8ZW58MHx8MHx8fDA%3D&auto=format&fit=crop&q=60&w=600"
  },
  {
    "name": "Meerkat",
    "description": "Always on lookout.",
    "image": "https://images.unsplash.com/photo-1711821814007-ec12f797e6d1?ixlib=rb-4.1.0&ixid=M3wxMjA3fDB8MHxzZWFyY2h8NHx8bWVlcmNhdHxlbnwwfHwwfHx8MA%3D%3D&auto=format&fit=crop&q=60&w=600"
  }
]